phenotype_id	variant_id	slope	qval
GENEA	chr1:100:A:T	1	0.001
GENEA	chr1:200:A:T	1	0.001
GENEB	chr1:100:T:A	-2	0.002
GENEB	chr1:200:A:T	-2	0.002
GENEC	chr1:100:A:T	3	0.003
GENEC	chr1:200:A:T	3	0.003
GENED	chr1:400:A:T	4	0.004
GENEE	chr1:500:A:T	5	0.005
GENEF.1	chr1:601:ACACAC:T	6.1	0.006
GENEF.2	chr1:602:ACACAC:T	6.2	0.006
GENEF.3	chr1:603:ACACAC:T	6.3	0.006
GENEF.4	chr1:603:ACACAC:A	-6.3	0.006
GENEG	chr1:700:A:T	7	NA
GENEH	chr1:800:A:T	8	0.8
GENEI	chr1:900:A:T	NA	0.009
GENEJ	chr1:1000:A:T	0	0.010
GENEK	chr1:1100:T:A	NA	0.011
GENEL	chr1:1200:A:AT	12	0.012
GENEM	chr1:1200:AT:A	123	0.013
GENEN	chr1:1200:A:GC	1234	0.014
